{
  "base": {
    "ALL": {
      "p@4": 0.6734,
      "r@4": 0.3784,
      "p@8": 0.5427,
      "r@8": 0.585,
      "matches": 236
    },
    "medium": {
      "p@4": 0.6336,
      "r@4": 0.3567,
      "p@8": 0.5214,
      "r@8": 0.5639,
      "matches": 117
    },
    "full": {
      "p@4": 0.7083,
      "r@4": 0.3519,
      "p@8": 0.5657,
      "r@8": 0.5556,
      "matches": 42
    },
    "small": {
      "p@4": 0.7143,
      "r@4": 0.4275,
      "p@8": 0.5621,
      "r@8": 0.6347,
      "matches": 77
    }
  },
  "kit": {
    "ALL": {
      "p@4": 0.7596,
      "r@4": 0.424,
      "p@8": 0.5832,
      "r@8": 0.6222,
      "matches": 236
    },
    "medium": {
      "p@4": 0.7091,
      "r@4": 0.4028,
      "p@8": 0.5719,
      "r@8": 0.6133,
      "matches": 117
    },
    "full": {
      "p@4": 0.8155,
      "r@4": 0.3889,
      "p@8": 0.6055,
      "r@8": 0.5926,
      "matches": 42
    },
    "small": {
      "p@4": 0.8052,
      "r@4": 0.4765,
      "p@8": 0.5882,
      "r@8": 0.6516,
      "matches": 77
    }
  },
  "fold_p4_base": {
    "1": 0.7083333333333334,
    "2": 0.6914893617021277,
    "3": 0.7021276595744681,
    "4": 0.6086956521739131,
    "5": 0.6542553191489362
  },
  "fold_p4_kit": {
    "1": 0.7447916666666666,
    "2": 0.7925531914893617,
    "3": 0.824468085106383,
    "4": 0.7010869565217391,
    "5": 0.7340425531914894
  },
  "fold_wins": 5,
  "verdict": "PASS",
  "hs_ep_keys": [
    "hs_anchor",
    "hs_ko_max",
    "hs_mean_ep",
    "hs_pre",
    "hs_post",
    "hs_rel",
    "hs_q"
  ],
  "hs_cy_keys": ["hs_at_s", "hs_ko_max_s", "hs_pre30", "hs_rel_s", "hs_q_s"]
}
