{
  "locked131": {
    "n": 130,
    "base_med": 8.0,
    "base_p90": 42.01000000000009,
    "ref_med": 6.454597345815728,
    "ref_p90": 38.655620673165515,
    "ci": [0.15948404871801358, 3.29846811295357],
    "cluster_ci": [-0.16227065342945934, 2.7989314047885614],
    "gate": "FAIL"
  },
  "all": {
    "n": 140,
    "base_med": 8.0,
    "base_p90": 36.59000000000006,
    "ref_med": 6.290739093866932,
    "ref_p90": 38.38347009832887,
    "ci": [0.4786713094475772, 3.198677548147117],
    "cluster_ci": [0.1763507909100781, 2.9367480322737265],
    "gate": "FAIL"
  },
  "excluded_no_card": 1
}
