{
  "norm_only": {
    "span": {
      "ALL": {
        "p@4": 0.4968,
        "r@4": 0.3036,
        "p@8": 0.4195,
        "r@8": 0.4731,
        "matches": 236
      },
      "medium": {
        "p@4": 0.4849,
        "r@4": 0.298,
        "p@8": 0.4127,
        "r@8": 0.4684,
        "matches": 117
      },
      "full": {
        "p@4": 0.4702,
        "r@4": 0.2444,
        "p@8": 0.3914,
        "r@8": 0.3926,
        "matches": 42
      },
      "small": {
        "p@4": 0.5292,
        "r@4": 0.3427,
        "p@8": 0.4444,
        "r@8": 0.5217,
        "matches": 77
      }
    },
    "refiner": {
      "ALL": {
        "p@4": 0.6734,
        "r@4": 0.3784,
        "p@8": 0.5427,
        "r@8": 0.585,
        "matches": 236
      },
      "medium": {
        "p@4": 0.6336,
        "r@4": 0.3567,
        "p@8": 0.5214,
        "r@8": 0.5639,
        "matches": 117
      },
      "full": {
        "p@4": 0.7083,
        "r@4": 0.3519,
        "p@8": 0.5657,
        "r@8": 0.5556,
        "matches": 42
      },
      "small": {
        "p@4": 0.7143,
        "r@4": 0.4275,
        "p@8": 0.5621,
        "r@8": 0.6347,
        "matches": 77
      }
    },
    "localizer": {
      "n": 1380,
      "base_med": 5.164499999999975,
      "base_p90": 22.68590000000001,
      "ref_med": 1.8458796274655924,
      "ref_p90": 13.713057247257534,
      "delta_med": 18.88700000000017
    }
  }
}
