{
  "index_description": "uint32",
  "minPan": -2.1423916568230394,
  "maxPan": 2.1423916568230394,
  "minTilt": -1.5699236621688994,
  "maxTilt": 0.646993553714298,
  "minRelativeZoom": 0.2,
  "maxRelativeZoom": 16.0,
  "projections": [
    {
      "camera": {
        "position": [0.0, 0.0, 0.0],
        "rotation": [
          -0.9121459685635721, 0.19366110421132146, 0.36125933245687314,
          0.36827008308183856, 0.0, 0.9297227984616017, 0.18005835847691834,
          0.981055236580817, -0.0713128870032586
        ]
      },
      "n_vertices": 16500,
      "n_indices": 59262,
      "texture_offset": 0.0,
      "texture_offset_scale": 1.0
    },
    {
      "camera": {
        "position": [0.0, 0.0, 0.0],
        "rotation": [
          1.0322275990370115e-16, 0.9999870001689978, -4.088181784752165e-17,
          0.36827008308183856, 0.0, 0.9297227984616017, 0.9297479660769253,
          -1.1102085919134616e-16, -0.368230679248654
        ]
      },
      "n_vertices": 16500,
      "n_indices": 73401,
      "texture_offset": 0.0,
      "texture_offset_scale": 1.0
    },
    {
      "camera": {
        "position": [0.0, 0.0, 0.0],
        "rotation": [
          0.9121459685635721, 0.19366110421132146, -0.36125933245687314,
          0.36827008308183856, 0.0, 0.9297227984616017, 0.18005835847691834,
          -0.981055236580817, -0.0713128870032586
        ]
      },
      "n_vertices": 16500,
      "n_indices": 66714,
      "texture_offset": 0.0,
      "texture_offset_scale": 1.0
    },
    {
      "camera": {
        "position": [0.0, 0.0, 0.0],
        "rotation": [
          0.0, 0.9999870001689978, 0.0, 0.9963995761140829, 0.0,
          0.08512409537989185, 0.08510005427119113, 0.0, -0.9963594750414894
        ]
      },
      "n_vertices": 16500,
      "n_indices": 83403,
      "texture_offset": 0.0,
      "texture_offset_scale": 1.0
    }
  ],
  "vertex_description": ["float32", "float32", "float32", "float32", "float32"]
}
