{
  "F": 1109.7665366997396,
  "CX": 1968.8197238282114,
  "CY": 1102.4655196063986,
  "K1": -0.014514436888058315,
  "K2": 0.0035020052975092294,
  "K3": 0.0029381816296461063,
  "K4": 0.0007685283490958797,
  "TILT": 44.391,
  "n_lines": 23,
  "disc_ok": false,
  "solver": "full:k1..k4+cxy",
  "train_straightness": 2.2109098944997516,
  "refined": "tangential p1/p2, reg-constrained (FP; window holdout)",
  "YAW": -1.878,
  "ROLL": 0.941,
  "mount_source": "marks-homography (tangential model)",
  "P1": -0.00022707366029099473,
  "P2": 0.0008994004682318791
}
