{
  "F": 1111.7930010782936,
  "CX": 1965.4574378571563,
  "CY": 1136.69407205399,
  "K1": 0.0005900398097010031,
  "K2": 0.002264266814440053,
  "K3": 0.0007093782434702191,
  "K4": -0.00019394400568147828,
  "TILT": 44.93,
  "n_lines": 23,
  "disc_ok": false,
  "solver": "full:k1..k4+cxy",
  "train_straightness": 2.2109098944997516,
  "refined": "lines+marks joint (MARK_W=20, free F)",
  "YAW": -1.721,
  "ROLL": 0.885,
  "mount_source": "marks-homography"
}
