{
  "F": 1109.7665366997396,
  "CX": 1964.8146522231236,
  "CY": 1120.0457307360364,
  "K1": -0.002644631961080001,
  "K2": 0.0018561906818495692,
  "K3": 0.00118076272905019,
  "K4": 0.00038607359344890315,
  "TILT": 44.631,
  "n_lines": 23,
  "disc_ok": false,
  "solver": "full:k1..k4+cxy",
  "train_straightness": 2.2109098944997516,
  "refined": "lines+marks joint (MARK_W=20, free F, regsift W=0.3)",
  "YAW": -1.59,
  "ROLL": 0.914,
  "mount_source": "marks-homography"
}
