{
  "cameras": [
    {
      "name": "top",
      "W": 3840,
      "H": 1080,
      "F": 2250.0,
      "CX": 1920.0,
      "CY": 540.0,
      "K1": 0.0,
      "K2": 0.0,
      "K3": 0.0,
      "K4": 0.0,
      "R": [
        0.9774641624701025, -0.10775917882522358, 0.18152622528311071,
        -0.03386314884468393, 0.7687262550197071, 0.6386808530038294,
        -0.20836769960083537, -0.6304346946530542, 0.747753299919677
      ],
      "tex_v0": 0.0,
      "tex_v1": 0.5
    },
    {
      "name": "bottom",
      "W": 3840,
      "H": 1080,
      "F": 2250.0,
      "CX": 1920.0,
      "CY": 540.0,
      "K1": 0.0,
      "K2": 0.0,
      "K3": 0.0,
      "K4": 0.0,
      "R": [
        0.9352025020718818, -0.1797054503193349, -0.30512658232939466,
        0.017207313468850433, 0.883707553426057, -0.46772306804445424,
        0.35369505012323327, 0.43216537476208977, 0.8295377630795755
      ],
      "tex_v0": 0.5,
      "tex_v1": 1.0
    }
  ],
  "PAN_DEG": 75.65385465169835,
  "TILT_LO": -26.528945879957455,
  "TILT_HI": 20.36397681359511,
  "W": 3840,
  "H": 2160,
  "source": "per-camera KB models + rotations fitted to Spiideo's REAL HCT mesh (calibrations S3, game 4b4ecece) \u2014 dense exact correspondences, see AIM_RESUME. Window = their scene.json. Plumb-line SOLVE=full on the same halves cross-checks within the fitted region (hct-top-fit.json / hct-bottom-fit.json)."
}
