{
  "F": 1113.6000000000001,
  "CX": 2190.0,
  "CY": 809.9999999999999,
  "K1": 0.07822036349879087,
  "K2": 0.006406412744901242,
  "K3": 0.0007386434782164097,
  "K4": 0.00024044163832400244,
  "TILT": 32.0,
  "n_lines": 11,
  "disc_ok": false,
  "solver": "full:k1..k4+cxy",
  "train_straightness": 3.1986908700900747
}
