{
  "F": 1113.6000000000001,
  "CX": 1650.0000000001378,
  "CY": 691.9631891534605,
  "K1": 0.0008040679467263719,
  "K2": 0.0037097306452204197,
  "K3": 0.02903502478525092,
  "K4": 0.0005533679051540186,
  "TILT": 32.0,
  "n_lines": 10,
  "disc_ok": false,
  "solver": "full:k1..k4+cxy",
  "train_straightness": 2.560839845325136
}
