{
  "F": 1160.7297633076787,
  "CX": 2001.067897300502,
  "CY": 1091.4184110183876,
  "K1": -0.05169331440241273,
  "K2": -0.017749884223844874,
  "K3": 0.00018431916222096326,
  "K4": 0.010633223434611469,
  "TILT": 40.496,
  "n_lines": 17,
  "disc_ok": true,
  "solver": "full:k1..k4+cxy",
  "train_straightness": 1.2777775144010226,
  "refined": "lines+marks joint (MARK_W=20, rim=disc W=1.5)",
  "YAW": -1.161,
  "ROLL": -3.393,
  "mount_source": "marks-homography"
}
