{
  "cx": 1820.724397109369,
  "cy": 810.1857189629966,
  "R": 1823.270048605211,
  "rms": 0.6448644575074517,
  "n_points": 8,
  "source": "manual-left-arc",
  "src_w": 3840,
  "src_h": 2160
}
