{
  "F": 1158.1509574094468,
  "CX": 1820.724397109369,
  "CY": 810.1857189629966,
  "K1": -0.005580739537927541,
  "K2": 0.0,
  "TILT": 32.0,
  "n_lines": 5,
  "disc_ok": true,
  "held_out_straightness": 63.58016019920308,
  "train_straightness": 23.833727738930357
}
