{
  "index_description": "uint32",
  "minPan": -2.1464059141026266,
  "maxPan": 2.1464059141026266,
  "minTilt": -1.5699236621688994,
  "maxTilt": 0.5677556056737554,
  "minRelativeZoom": 0.2,
  "maxRelativeZoom": 16.0,
  "projections": [
    {
      "camera": {
        "position": [
          0.0,
          0.0,
          0.0
        ],
        "rotation": [
          -0.8975903859185401,
          0.19103494177206148,
          0.39731205692070953,
          0.40480711557942317,
          0.0,
          0.9144081127171315,
          0.17469067748496933,
          0.9815699931890421,
          -0.07732559693740344
        ]
      },
      "n_vertices": 16500,
      "n_indices": 84654,
      "texture_offset": 0.0,
      "texture_offset_scale": 1.0
    },
    {
      "camera": {
        "position": [
          0.0,
          0.0,
          0.0
        ],
        "rotation": [
          1.015223127622406e-16,
          0.9999870001689978,
          -4.49381360804527e-17,
          0.40480711557942317,
          0.0,
          0.9144081127171315,
          0.9144316998516354,
          -1.1102085919134616e-16,
          -0.40476674581330285
        ]
      },
      "n_vertices": 16500,
      "n_indices": 93081,
      "texture_offset": 0.0,
      "texture_offset_scale": 1.0
    },
    {
      "camera": {
        "position": [
          0.0,
          0.0,
          0.0
        ],
        "rotation": [
          0.8975903859185401,
          0.19103494177206148,
          -0.39731205692070953,
          0.40480711557942317,
          0.0,
          0.9144081127171315,
          0.17469067748496933,
          -0.9815699931890421,
          -0.07732559693740344
        ]
      },
      "n_vertices": 16500,
      "n_indices": 84051,
      "texture_offset": 0.0,
      "texture_offset_scale": 1.0
    },
    {
      "camera": {
        "position": [
          0.0,
          0.0,
          0.0
        ],
        "rotation": [
          0.0,
          0.9999870001689978,
          0.0,
          0.9963995761140829,
          0.0,
          0.08512409537989185,
          0.08510005427119113,
          0.0,
          -0.9963594750414894
        ]
      },
      "n_vertices": 16500,
      "n_indices": 46119,
      "texture_offset": 0.0,
      "texture_offset_scale": 1.0
    }
  ],
  "vertex_description": [
    "float32",
    "float32",
    "float32",
    "float32",
    "float32"
  ]
}