{
  "F": 1160.7297633076787,
  "CX": 1999.6076418427247,
  "CY": 1050.821297074685,
  "K1": -0.13093489019007362,
  "K2": 0.05089871294977061,
  "K3": 0.02039339039481578,
  "K4": -0.00549045665119868,
  "TILT": 40.646,
  "n_lines": 17,
  "disc_ok": true,
  "solver": "full:k1..k4+cxy",
  "train_straightness": 1.2777775144010226,
  "refined": "tangential p1/p2, reg-constrained (window holdout) + lines+marks+disc",
  "YAW": 0.961,
  "ROLL": -3.364,
  "mount_source": "marks-homography (tangential model)",
  "P1": -0.0066974787939119325,
  "P2": -0.010802551317744335
}
