{
  "TILT": 39.72922131002724,
  "YAW": 1.855212319785925,
  "ROLL": -4.509742517054889
}
